name;season;episode;date 
Best. Christmas. Ever!;film;0;12.30.2023
Groundhog Day;film;0;10.01.2023
Johnny English;film;0;10.01.2023
Johnny English Reborn;film;0;10.01.2023
The Highwaymen;film;0;10.01.2023
Miss Americana;film;0;9.30.2023
Taylor Swift reputation Stadium Tour;film;0;9.30.2023
Non-Stop;film;0;9.30.2023
MINDHUNTER; Season 2; Episode 9;9.30.2023
MINDHUNTER; Season 2; Episode 8;9.30.2023
MINDHUNTER; Season 2; Episode 7;9.30.2023
MINDHUNTER; Season 2; Episode 6;9.30.2023
MINDHUNTER; Season 2; Episode 5;9.30.2023
MINDHUNTER; Season 2; Episode 4;9.30.2023
MINDHUNTER; Season 2; Episode 3;9.30.2023
MINDHUNTER; Season 2; Episode 2;9.29.2023
MINDHUNTER; Season 2; Episode 1;9.29.2023
MINDHUNTER; Season 1; Episode 10;9.29.2023
MINDHUNTER; Season 1; Episode 9;9.29.2023
MINDHUNTER; Season 1; Episode 8;9.29.2023
MINDHUNTER; Season 1; Episode 7;9.29.2023
MINDHUNTER; Season 1; Episode 6;9.29.2023
MINDHUNTER; Season 1; Episode 5;9.29.2023
MINDHUNTER; Season 1; Episode 4;9.29.2023
MINDHUNTER; Season 1; Episode 3;9.29.2023
MINDHUNTER; Season 1; Episode 2;9.29.2023
MINDHUNTER; Season 1; Episode 1;9.29.2023
The Disappearance of Madeleine McCann; Limited Series; Person of Interest;9.27.2023
The Disappearance of Madeleine McCann; Limited Series; The Beneath Truth;9.27.2023
Johnny English Strikes Again;film;0;9.16.2023
Nobody;film;0;8.30.2023
Extraction 2;film;0;6.23.2023
İllegal Hayatlar;film;0;6.17.2023
Devotion;film;0;2.20.2023
Seven;film;0;2.20.2023
Zodiac;film;0;2.19.2023
Heat;film;0;2.13.2023
The Pale Blue Eye;film;0;2.12.2023
Better Call Saul; Season 4; Coushatta;2.12.2023
Better Call Saul; Season 4; Something Stupid;1.25.2023
Better Call Saul; Season 4; Piñata;1.25.2023
Better Call Saul; Season 4; Quite a Ride;1.25.2023
Better Call Saul; Season 4; Talk;1.25.2023
Better Call Saul; Season 4; Something Beautiful;1.25.2023
Better Call Saul; Season 4; Breathe;1.25.2023
Better Call Saul; Season 4; Smoke;1.25.2023
Better Call Saul; Season 3; Lantern;1.25.2023
Better Call Saul; Season 3; Fall;1.25.2023
Better Call Saul; Season 3; Slip;1.25.2023
Better Call Saul; Season 3; Expenses;1.25.2023
Better Call Saul; Season 3; Off Brand;1.25.2023
Better Call Saul; Season 3; Chicanery;1.25.2023
Better Call Saul; Season 3; Sabrosito;1.23.2023
Better Call Saul; Season 3; Sunk Costs;1.23.2023
Better Call Saul; Season 3; Witness;1.23.2023
Better Call Saul; Season 3; Mabel;1.23.2023
Better Call Saul; Season 2; Klick;1.23.2023
Better Call Saul; Season 2; Nailed;1.23.2023
Better Call Saul; Season 2; Fifi;1.23.2023
Better Call Saul; Season 2; Inflatable;1.23.2023
Better Call Saul; Season 2; Bali Ha'i;1.23.2023
Better Call Saul; Season 2; Rebecca;1.23.2023
Better Call Saul; Season 2; Gloves Off;1.22.2023
Better Call Saul; Season 2; Amarillo;1.22.2023
Better Call Saul; Season 2; Cobbler;1.22.2023
Better Call Saul; Season 2; Switch;1.22.2023
Better Call Saul; Season 1; Marco;1.22.2023
Better Call Saul; Season 1; Pimento;1.22.2023
Better Call Saul; Season 1; Rico;1.22.2023
Better Call Saul; Season 1; Bingo;1.22.2023
Better Call Saul; Season 1; Five-O;1.22.2023
Better Call Saul; Season 1; Alpine Shepherd Boy;1.22.2023
Better Call Saul; Season 1; Hero;1.21.2023
Better Call Saul; Season 1; Nacho;1.21.2023
Better Call Saul; Season 1; Mijo;1.21.2023
Better Call Saul; Season 1; Uno;1.21.2023
The Godfather Coda  The Death of Michael Corleone;film;0;1.21.2023
The Crown; Season 5; Decommissioned;1.21.2023
The Crown; Season 5; Couple 31;1.21.2023
The Crown; Season 5; Gunpowder;1.20.2023
The Crown; Season 5; No Woman's Land;1.20.2023
The Crown; Season 5; Ipatiev House;1.20.2023
The Crown; Season 5; The Way Ahead;1.20.2023
The Crown; Season 5; Annus Horribilis;1.20.2023
The Crown; Season 5; Mou Mou;1.20.2023
The Crown; Season 5; The System;1.20.2023
The Crown; Season 5; Queen Victoria Syndrome;1.19.2023
Glass Onion  A Knives Out Mystery;film;0;1.19.2023
The Adam Project;film;0;8.13.2022
The Gray Man;film;0;8.13.2022
Meet the Spartans;film;0;7.16.2022
Fear City; New York vs The Mafia; Judgment Day;7.16.2022
Fear City; New York vs The Mafia; The Godfather Tapes;7.16.2022
Fear City; New York vs The Mafia; Mob Rule;7.16.2022
The Lost Pirate Kingdom; Limited Series; Dead or Alive;7.16.2022
The Lost Pirate Kingdom; Limited Series; Deal or No Deal;7.16.2022
The Lost Pirate Kingdom; Limited Series; The Empire Strikes Back;7.16.2022
The Lost Pirate Kingdom; Limited Series; The Price of Loyalty;7.16.2022
The Lost Pirate Kingdom; Limited Series; The Pirate Republic;7.16.2022
The Lost Pirate Kingdom; Limited Series; Hoist the Black Flag;7.16.2022
D.B. Cooper; Where Are You?!; Limited Series 4;7.15.2022
D.B. Cooper; Where Are You?!; Limited Series 3;7.15.2022
D.B. Cooper; Where Are You?!; Limited Series 2;7.15.2022
D.B. Cooper; Where Are You?!; Limited Series 1;7.15.2022
Suits; Season 9; One Last Con;7.15.2022
Suits; Season 9; Thunder Away;7.15.2022
Suits; Season 9; Prisoner's Dilemma;7.15.2022
Suits; Season 9; Scenic Route;7.15.2022
Suits; Season 9; Whatever It Takes;7.15.2022
Suits; Season 9; If the Shoe Fits;7.15.2022
Suits; Season 9; Cairo;7.15.2022
Suits; Season 9; Windmills;7.15.2022
Suits; Season 9; Special Master;7.15.2022
Suits; Season 9; Everything's Changed;7.15.2022
Suits; Season 8; Harvey;7.14.2022
Suits; Season 8; Stalking Horse;7.14.2022
Suits; Season 8; Peas in a Pod;7.14.2022
Suits; Season 8; The Greater Good;7.14.2022
Suits; Season 8; Whale Hunt;7.14.2022
Suits; Season 8; Rocky 8;7.14.2022
Suits; Season 8; Managing Partner;7.14.2022
Suits; Season 8; Motion to Delay;7.14.2022
Suits; Season 8; Coral Gables;7.14.2022
Suits; Season 8; Sour Grapes;7.14.2022
Suits; Season 8; Cats  Ballet  Harvey Specter;7.14.2022
Suits; Season 8; Good Mudding;7.14.2022
Suits; Season 8; Revenue Per Square Foot;7.14.2022
Suits; Season 8; Promises  Promises;7.14.2022
Suits; Season 8; Pecking Order;7.14.2022
Suits; Season 8; Right-Hand Man;7.14.2022
Suits; Season 7; Good-Bye;7.14.2022
Suits; Season 7; Tiny Violin;7.13.2022
Suits; Season 7; Pulling the Goalie;7.13.2022
Suits; Season 7; Inevitable;7.13.2022
Suits; Season 7; Bad Man;7.13.2022
Suits; Season 7; Hard Truths;7.13.2022
Suits; Season 7; Donna;7.13.2022
Suits; Season 7; Shame;7.13.2022
Suits; Season 7;100;7.13.2022
Suits; Season 7; Full Disclosure;7.13.2022
Suits; Season 7; Home to Roost;7.13.2022
Suits; Season 7; Brooklyn Housing;7.13.2022
Suits; Season 7; Divide and Conquer;7.13.2022
Suits; Season 7; Mudmare;7.12.2022
Suits; Season 7; The Statue;7.12.2022
Suits; Season 7; Skin in the Game;7.12.2022
Suits; Season 6; Character and Fitness;7.12.2022
Suits; Season 6; Quid Pro Quo;7.12.2022
Suits; Season 6; Admission of Guilt;7.12.2022
Suits; Season 6; Teeth  Nose  Teeth;7.12.2022
Suits; Season 6; The Painting;7.12.2022
Suits; Season 6; She's Gone;7.12.2022
Suits; Season 6; P.S.L.;7.12.2022
Suits; Season 6; The Hand That Feeds You;7.12.2022
Suits; Season 6; Borrowed Time;7.12.2022
Suits; Season 6; Shake the Trees;7.12.2022
Suits; Season 6; Spain;7.12.2022
Suits; Season 6; Trust;7.12.2022
Suits; Season 6; Turn;7.12.2022
Suits; Season 6; Back on the Map;7.12.2022
Suits; Season 6; Accounts Payable;7.12.2022
Suits; Season 6; To Trouble;7.12.2022
Suits; Season 5; 25th Hour;7.12.2022
Suits; Season 5; Tick Tock;7.12.2022
Suits; Season 5; Self Defense;7.12.2022
Suits; Season 5; God's Green Earth;7.12.2022
Suits; Season 5; Live to Fight...;7.12.2022
Suits; Season 5; Blowback;7.11.2022
Suits; Season 5; Faith;7.11.2022
Suits; Season 5; Uninvited Guests;7.11.2022
Suits; Season 5; Mea Culpa;7.11.2022
Suits; Season 5; Hitting Home;7.11.2022
Suits; Season 5; Privilege;7.11.2022
Suits; Season 5; Toe to Toe;7.11.2022
Suits; Season 5; No Puedo Hacerlo;7.11.2022
Suits; Season 5; No Refills;7.11.2022
Suits; Season 5; Compensation;7.11.2022
Suits; Season 5; Denial;7.11.2022
Suits; Season 4; Not Just a Pretty Face;7.11.2022
Suits; Season 4; Intent;7.10.2022
Suits; Season 4; Derailed;7.10.2022
Suits; Season 4; Fork in the Road;7.10.2022
Suits; Season 4; Respect;7.10.2022
Suits; Season 4; Enough is Enough;7.10.2022
Suits; Season 4; This Is Rome;7.10.2022
Suits; Season 4; Gone;7.10.2022
Suits; Season 4; Exposure;7.09.2022
Suits; Season 4; We're Done;7.09.2022
Suits; Season 4; Litt the Hell Up;7.09.2022
Suits; Season 4; Pound of Flesh;7.09.2022
Suits; Season 4; Leveraged;7.09.2022
Suits; Season 4; Two in the Knees;7.09.2022
Suits; Season 4; Breakfast  Lunch and Dinner;7.09.2022
Suits; Season 4; One-Two-Three Go...;7.09.2022
Suits; Season 3; No Way Out;7.09.2022
Suits; Season 3; Know When to Fold 'Em;7.09.2022
Suits; Season 3; Heartburn;7.09.2022
Suits; Season 3; Moot Point;7.08.2022
Suits; Season 3; Yesterday’s Gone;7.08.2022
Suits; Season 3; Buried Secrets;7.08.2022
Suits; Season 3; The Other Time;7.08.2022
Suits; Season 3; Stay;7.08.2022
Suits; Season 3; Bad Faith;7.08.2022
Suits; Season 3; Endgame;7.08.2022
Suits; Season 3; She's Mine;7.08.2022
Suits; Season 3; Shadow of a Doubt;7.08.2022
Suits; Season 3; Conflict of Interest;7.08.2022
Suits; Season 3; Unfinished Business;7.08.2022
Suits; Season 3; I Want You to Want Me;7.08.2022
Suits; Season 3; The Arrangement;7.08.2022
Suits; Season 2; War;7.08.2022
Suits; Season 2; Normandy;7.08.2022
Suits; Season 2; He's Back;7.08.2022
Suits; Season 2; Zane Vs. Zane;7.07.2022
Suits; Season 2; Blood in the Water;7.07.2022
Suits; Season 2; Blind-Sided;7.07.2022
Suits; Season 2; High Noon;7.07.2022
Suits; Season 2; Asterisk;7.07.2022
Suits; Season 2; Rewind;7.07.2022
Suits; Season 2; Sucker Punch;7.07.2022
Suits; Season 2; All In;7.07.2022
Suits; Season 2; Break Point;7.07.2022
Suits; Season 2; Discovery;7.07.2022
Suits; Season 2; Meet the New Boss;7.07.2022
Suits; Season 2; The Choice;7.07.2022
Suits; Season 2; She Knows;7.07.2022
Suits; Season 1; Dog Fight;7.07.2022
Suits; Season 1; Rules of the Game;7.07.2022
Suits; Season 1; The Shelf Life;7.07.2022
Suits; Season 1; Undefeated;7.07.2022
Suits; Season 1; Identity Crisis;7.07.2022
Suits; Season 1; Play the Man;7.07.2022
Suits; Season 1; Tricks of the Trade;7.07.2022
Suits; Season 1; Bail Out;7.07.2022
Suits; Season 1; Dirty Little Secrets;7.06.2022
Suits; Season 1; Inside Track;7.06.2022
Suits; Season 1; Errors and Omissions;7.06.2022
Suits; Season 1; Pilot Part 1 & 2;7.06.2022
Formula 1  Drive to Survive; Season 2; Seeing Red;7.06.2022
The Dig;film;0;7.06.2022
The Blue Lagoon;film;0;7.06.2022
Public Enemies;film;0;7.06.2022
Shutter Island;film;0;7.05.2022
The Aviator;film;0;7.04.2022
The Dictator;film;0;7.04.2022
Brooklyn Nine-Nine; Season 7; Lights Out;7.04.2022
Brooklyn Nine-Nine; Season 7; Ransom;7.04.2022
Brooklyn Nine-Nine; Season 7; Valloweaster;7.04.2022
Brooklyn Nine-Nine; Season 7; Admiral Peralta;7.04.2022
Brooklyn Nine-Nine; Season 7; Dillman;7.04.2022
Brooklyn Nine-Nine; Season 7; The Takeback;7.03.2022
Brooklyn Nine-Nine; Season 7; Ding Dong;7.03.2022
Brooklyn Nine-Nine; Season 7; Trying;7.03.2022
Brooklyn Nine-Nine; Season 7; Debbie;7.03.2022
Brooklyn Nine-Nine; Season 7; The Jimmy Jab Games II;7.03.2022
Brooklyn Nine-Nine; Season 7; Pimemento;7.03.2022
Brooklyn Nine-Nine; Season 7; Captain Kim;7.03.2022
Brooklyn Nine-Nine; Season 7; Manhunter;7.03.2022
Brooklyn Nine-Nine; Season 6; The Suicide Squad;7.03.2022
Brooklyn Nine-Nine; Season 6; Sicko;7.03.2022
Brooklyn Nine-Nine; Season 6; Cinco de Mayo;7.03.2022
Brooklyn Nine-Nine; Season 6; Return of the King;7.03.2022
Brooklyn Nine-Nine; Season 6; Ticking Clocks;7.03.2022
Brooklyn Nine-Nine; Season 6; The Bimbo;7.03.2022
Brooklyn Nine-Nine; Season 6; Casecation;7.03.2022
Brooklyn Nine-Nine; Season 6; The Therapist;7.02.2022
Brooklyn Nine-Nine; Season 6; Gintars;7.02.2022
Brooklyn Nine-Nine; Season 6; The Golden Child;7.02.2022
Brooklyn Nine-Nine; Season 6; He Said  She Said;7.02.2022
Brooklyn Nine-Nine; Season 6; The Honeypot;7.02.2022
Brooklyn Nine-Nine; Season 6; The Crime Scene;7.02.2022
Brooklyn Nine-Nine; Season 6; A Tale of Two Bandits;7.02.2022
Brooklyn Nine-Nine; Season 6; Four Movements;7.02.2022
Brooklyn Nine-Nine; Season 6; The Tattler;7.02.2022
Brooklyn Nine-Nine; Season 6; Hitchcock & Scully;7.02.2022
Brooklyn Nine-Nine; Season 6; Honeymoon;7.02.2022
Brooklyn Nine-Nine; Season 5; Jake & Amy;7.02.2022
Brooklyn Nine-Nine; Season 5; White Whale;7.02.2022
Brooklyn Nine-Nine; Season 5; Show Me Going;7.02.2022
Brooklyn Nine-Nine; Season 5; Bachelor/ette Party;7.02.2022
Brooklyn Nine-Nine; Season 5; Gray Star Mutual;7.02.2022
Brooklyn Nine-Nine; Season 5; DFW;7.02.2022
Brooklyn Nine-Nine; Season 5; NutriBoom;7.02.2022
Brooklyn Nine-Nine; Season 5; The Puzzle Master;7.02.2022
Brooklyn Nine-Nine; Season 5; The Box;7.02.2022
Brooklyn Nine-Nine; Season 5; The Negotiation;7.02.2022
Brooklyn Nine-Nine; Season 5; Safe House;7.02.2022
Brooklyn Nine-Nine; Season 5; The Favor;7.02.2022
Brooklyn Nine-Nine; Season 5; Game Night;7.02.2022
Brooklyn Nine-Nine; Season 5;99;7.02.2022
Brooklyn Nine-Nine; Season 5; Return to Skyfire;7.02.2022
Brooklyn Nine-Nine; Season 5; Two Turkeys;7.02.2022
Brooklyn Nine-Nine; Season 5; The Venue;7.01.2022
Brooklyn Nine-Nine; Season 5; Bad Beat;7.01.2022
Brooklyn Nine-Nine; Season 5; HalloVeen;7.01.2022
Brooklyn Nine-Nine; Season 5; Kicks;7.01.2022
Brooklyn Nine-Nine; Season 5; The Big House  Pt. 2;7.01.2022
Brooklyn Nine-Nine; Season 5; The Big House  Pt. 1;7.01.2022
Brooklyn Nine-Nine; Season 4; Crime & Punishment;7.01.2022
Brooklyn Nine-Nine; Season 4; The Bank Job;7.01.2022
Brooklyn Nine-Nine; Season 4; The Slaughterhouse;7.01.2022
Brooklyn Nine-Nine; Season 4; Your Honor;7.01.2022
Brooklyn Nine-Nine; Season 4; Chasing Amy;7.01.2022
Brooklyn Nine-Nine; Season 4; Cop-Con;7.01.2022
Brooklyn Nine-Nine; Season 4; Moo Moo;7.01.2022
Brooklyn Nine-Nine; Season 4; The Last Ride;7.01.2022
Brooklyn Nine-Nine; Season 4; Serve & Protect;7.01.2022
Brooklyn Nine-Nine; Season 4; The Audit;7.01.2022
Brooklyn Nine-Nine; Season 4; The Fugitive  Part 2;7.01.2022
Brooklyn Nine-Nine; Season 4; The Fugitive  Part 1;7.01.2022
Brooklyn Nine-Nine; Season 4; Captain Latvia;7.01.2022
Brooklyn Nine-Nine; Season 4; The Overmining;7.01.2022
Brooklyn Nine-Nine; Season 4; Skyfire Cycle;7.01.2022
Brooklyn Nine-Nine; Season 4; Mr. Santiago;7.01.2022
Brooklyn Nine-Nine; Season 4; Monster in the Closet;7.01.2022
Brooklyn Nine-Nine; Season 4; Halloween IV;7.01.2022
Brooklyn Nine-Nine; Season 4; The Night Shift;7.01.2022
Brooklyn Nine-Nine; Season 4; Coral Palms  Part 3;7.01.2022
Brooklyn Nine-Nine; Season 4; Coral Palms  Part 2;7.01.2022
Brooklyn Nine-Nine; Season 4; Coral Palms  Part 1;7.01.2022
Brooklyn Nine-Nine; Season 3; Greg and Larry;7.01.2022
Brooklyn Nine-Nine; Season 3; The Bureau;7.01.2022
Brooklyn Nine-Nine; Season 3; Maximum Security;7.01.2022
Brooklyn Nine-Nine; Season 3; Paranoia;7.01.2022
Brooklyn Nine-Nine; Season 3; Terry Kitties;7.01.2022
Brooklyn Nine-Nine; Season 3; Cheddar;7.01.2022
Brooklyn Nine-Nine; Season 3; Adrian Pimento;7.01.2022
Brooklyn Nine-Nine; Season 3; House Mouses;7.01.2022
Brooklyn Nine-Nine; Season 3; The 9-8;6.29.2022
Brooklyn Nine-Nine; Season 3; Karen Peralta;6.29.2022
Brooklyn Nine-Nine; Season 3; The Cruise;6.29.2022
Brooklyn Nine-Nine; Season 3; 9 Days;6.29.2022
Brooklyn Nine-Nine; Season 3; Hostage Situation;6.29.2022
Brooklyn Nine-Nine; Season 3; Yippie Kayak;6.29.2022
Brooklyn Nine-Nine; Season 3; The Swedes;6.29.2022
Brooklyn Nine-Nine; Season 3; Ava;6.29.2022
Brooklyn Nine-Nine; Season 3; The Mattress;6.29.2022
Brooklyn Nine-Nine; Season 3; Into the Woods;6.29.2022
Brooklyn Nine-Nine; Season 3; Halloween Part III;6.29.2022
Brooklyn Nine-Nine; Season 3; The Oolong Slayer;6.29.2022
Brooklyn Nine-Nine; Season 3; Boyle's Hunch;6.29.2022
Brooklyn Nine-Nine; Season 3; The Funeral;6.29.2022
Brooklyn Nine-Nine; Season 3; New Captain;6.29.2022
Brooklyn Nine-Nine; Season 2; Johnny and Dora;6.29.2022
Brooklyn Nine-Nine; Season 2; The Chopper;6.29.2022
Brooklyn Nine-Nine; Season 2; Det. Dave Majors;6.29.2022
Brooklyn Nine-Nine; Season 2; AC/DC;6.29.2022
Brooklyn Nine-Nine; Season 2; Sabotage;6.29.2022
Brooklyn Nine-Nine; Season 2; Captain Peralta;6.29.2022
Brooklyn Nine-Nine; Season 2; Boyle-Linetti Wedding;6.29.2022
Brooklyn Nine-Nine; Season 2; The Wednesday Incident;6.29.2022
Brooklyn Nine-Nine; Season 2; Windbreaker City;6.29.2022
Brooklyn Nine-Nine; Season 2; The Defense Rests;6.29.2022
Brooklyn Nine-Nine; Season 2; Payback;6.29.2022
Brooklyn Nine-Nine; Season 2; Beach House;6.29.2022
Brooklyn Nine-Nine; Season 2; Stakeout;6.29.2022
Brooklyn Nine-Nine; Season 2; The Pontiac Bandit Returns;6.29.2022
Brooklyn Nine-Nine; Season 2; The Road Trip;6.29.2022
Brooklyn Nine-Nine; Season 2; USPIS;6.29.2022
Brooklyn Nine-Nine; Season 2; Lockdown;6.29.2022
Brooklyn Nine-Nine; Season 2; Jake and Sophia;6.29.2022
Brooklyn Nine-Nine; Season 2; The Mole;6.29.2022
Brooklyn Nine-Nine; Season 2; Halloween II;6.29.2022
Brooklyn Nine-Nine; Season 2; The Jimmy Jab Games;6.29.2022
Brooklyn Nine-Nine; Season 2; Chocolate Milk;6.29.2022
Brooklyn Nine-Nine; Season 2; Undercover;6.29.2022
Brooklyn Nine-Nine; Season 1; Charges and Specs;6.29.2022
Brooklyn Nine-Nine; Season 1; Unsolvable;6.29.2022
Brooklyn Nine-Nine; Season 1; Fancy Brudgom;6.29.2022
Brooklyn Nine-Nine; Season 1; Tactical Village;6.29.2022
Brooklyn Nine-Nine; Season 1; The Apartment;6.29.2022
Brooklyn Nine-Nine; Season 1; Full Boyle;6.29.2022
Brooklyn Nine-Nine; Season 1; The Party;6.29.2022
Brooklyn Nine-Nine; Season 1; Operation  Broken Feather;6.29.2022
Brooklyn Nine-Nine; Season 1; The Ebony Falcon;6.29.2022
Brooklyn Nine-Nine; Season 1; The Bet;6.29.2022
Brooklyn Nine-Nine; Season 1; Pontiac Bandit;6.28.2022
Brooklyn Nine-Nine; Season 1; Christmas;6.28.2022
Brooklyn Nine-Nine; Season 1; Thanksgiving;6.28.2022
Brooklyn Nine-Nine; Season 1; Sal's Pizza;6.24.2022
Brooklyn Nine-Nine; Season 1; Old School;6.24.2022
Brooklyn Nine-Nine; Season 1; 48 Hours;6.24.2022
Brooklyn Nine-Nine; Season 1; Halloween;6.24.2022
Brooklyn Nine-Nine; Season 1; The Vulture;6.24.2022
Brooklyn Nine-Nine; Season 1; M.E. Time;6.24.2022
Brooklyn Nine-Nine; Season 1; The Slump;6.24.2022
Brooklyn Nine-Nine; Season 1; The Tagger;6.24.2022
Brooklyn Nine-Nine; Season 1; Pilot;6.24.2022
6 Underground;film;0;6.24.2022
Schumacher;film;0;6.23.2022
Jack Reacher  Never Go Back;film;0;6.23.2022
Enola Holmes;film;0;6.23.2022
Operation Mincemeat;film;0;6.23.2022
The Crown; Season 3; Imbroglio;8.04.2021
The King's Speech;film;0;8.27.2020
Mamma Mia! Here We Go Again;film;0;7.06.2020
An Officer and a Gentleman;film;0;7.05.2020
No Escape;film;0;7.05.2020
Casino;film;0;7.03.2020
The Fighter;film;0;7.03.2020
Deepwater Horizon;film;0;7.02.2020
Argo;film;0;6.30.2020
Jack Reacher;film;0;6.29.2020
All the Money in the World;film;0;6.28.2020
Nefes;film;0;6.26.2020
The Departed;film;0;6.25.2020
The Big Short;film;0;6.25.2020
Patriots Day;film;0;6.23.2020
Ted;film;0;6.21.2020
The Foreigner;film;0;6.21.2020
Spenser Confidential;film;0;6.20.2020
Shooter;film;0;6.20.2020
Lone Survivor;film;0;6.19.2020
Polar;film;0;6.19.2020
Black Hawk Down;film;0;6.18.2020
Hacksaw Ridge;film;0;6.12.2020
My Fuhrer;film;0;6.12.2020
Age of Tanks; Season 1; Blitzkrieg;6.06.2020
Triple Frontier;film;0;6.02.2020
Space Force; Season 1; PROPORTIONATE RESPONSE;5.31.2020
Space Force; Season 1; IT’S GOOD TO BE BACK ON THE MOON;5.31.2020
Space Force; Season 1; CONJUGAL VISIT;5.31.2020
Space Force; Season 1; EDISON JAYMES;5.31.2020
Space Force; Season 1; THE SPY;5.30.2020
Space Force; Season 1; SPACE FLAG;5.30.2020
Space Force; Season 1; LUNAR HABITAT;5.30.2020
Space Force; Season 1; MARK AND MALLORY GO TO WASHINGTON;5.30.2020
Space Force; Season 1; SAVE EPSILON 6!;5.30.2020
Space Force; Season 1; THE LAUNCH;5.30.2020
Clear and Present Danger;film;0;5.29.2020
Patriot Games;film;0;5.28.2020
Sherlock; Series 4; The Final Problem;5.24.2020
Sherlock; Series 4; The Lying Detective;5.24.2020
Sherlock; Series 4; The Six Thatchers;5.23.2020
Sherlock; Series 3; The Abominable Bride;5.23.2020
Sherlock; Series 3; His Last Vow;5.23.2020
Sherlock; Series 3; The Sign of Three;5.22.2020
Sherlock; Series 3; The Empty Hearse;5.22.2020
Sherlock; Series 2; The Reichenbach Fall;5.22.2020
Sherlock; Series 2; The Hounds of Baskerville;5.21.2020
Sherlock; Series 2; A Scandal in Belgravia;5.20.2020
Sherlock; Series 1; The Great Game;5.19.2020
Sherlock; Series 1; The Blind Banker;5.19.2020
Sherlock; Series 1; A Study in Pink;5.19.2020
War Machine;film;0;5.09.2020
The Man from U.N.C.L.E.;film;0;5.09.2020
Sand Castle;film;0;5.03.2020
The Siege of Jadotville;film;0;5.02.2020
The Hunt for Red October;film;0;4.07.2020
